Meaning group;Main phrase;Monthly searches (main row only);Variants/context;URL;Editorial title (brand suffix applied at render);H1;Meta description;Private candidate keys (primary or related);Content quality;Indexability/schema;Remaining evidence
anillo de la promesa;anillo de la promesa;1900;"añillo de promesa (folded); anillos de promesa 1900 is a separate main row, same destination";/categoria/promesa;Anillos de promesa en Paraguay;Anillos de promesa en Paraguay;Elegí un anillo de promesa según su significado, material y talle. Compará estilos para una persona o una pareja y prepará tu consulta en Paraguay.;AJ-584 / AJ-20 / MAJ-CR279 / HUB-SOLITARIO-LUZ / HUB-CORACAO;"Existing educational sections + two tailored comparisons; no confirmed commercial offer";"Base category canonical/indexable; filter pages noindex; ItemList only published products. Concept product routes noindex/excluded from sitemap/feed; drafts unpublished.";"AJ584 current image/stone; AJ20 dimensions; CR279 base alloy/plating; permission for each model"
solitarios anillos;solitarios anillos;2900;"anillos de compromiso solitario 260, modelos de anillos solitarios 20; no extra spelling pages";/categoria/solitarios;Anillos solitarios en Paraguay;Anillos solitarios en Paraguay;Compará anillos solitarios por su piedra, engarce, material y talle. Conocé qué revisar para elegir un diseño de compromiso o de uso personal en Paraguay.;AJ-440 / GYA-GA6220 / HUB-SOLITARIO-LUZ;"Existing educational sections + two tailored comparisons; no confirmed commercial offer";"Base category canonical/indexable; filter pages noindex; ItemList only published products. Concept product routes noindex/excluded from sitemap/feed; drafts unpublished.";"AJ440 original/permission and stone; Hub exact SKU; GA6220 conflicting identity"
anillos de compromiso paraguay;anillos de compromiso paraguay;480;"anillos de compromiso de plata 140; same existing page, no invented local shop";/categoria/compromiso;Anillos de compromiso en Paraguay;Anillos de compromiso en Paraguay;Conocé qué comparar al elegir un anillo de compromiso en Paraguay: material, piedra, talle y presupuesto. Revisá las características de cada modelo.;AJ-440 / AJ-584 / GYA-GA6220;"Existing educational sections + two tailored comparisons; no confirmed commercial offer";"Base category canonical/indexable; filter pages noindex; ItemList only published products. Concept product routes noindex/excluded from sitemap/feed; drafts unpublished.";"Resolve GA6220 circón/moissanita versions; AJ440/584 verified composition and measures"
anillos de boda / alianzas / alianzas de boda;anillos de boda;480;"anillos de casamiento 140 (folded marriage variants); alianzas 880, alianzas de boda 110 and Paraguay 50 stay on this destination";/categoria/alianzas;Anillos de boda y alianzas en Paraguay;Anillos de boda y alianzas en Paraguay;Compará alianzas de plata y oro para su boda en Paraguay. Revisá materiales, talles y cómo se informa el precio de cada anillo o par.;AJ-19 / GYA-GA5025P / GYA-GA4345P / GYA-GA5989-GA5990 / GYA-GA5027-GA5028;"Existing educational sections + two tailored comparisons; no confirmed commercial offer";"Base category canonical/indexable; filter pages noindex; ItemList only published products. Concept product routes noindex/excluded from sitemap/feed; drafts unpublished.";"A real pair quotation and two independent measures; AJ19 single-piece reference does not establish a pair"
alianzas de plata;alianzas de plata;40;"alianzas de plata lisas / para parejas / pareja 10 each; exclude gold-price rows from this mixed group";/categoria/alianzas-plata;Alianzas de plata en Paraguay;Alianzas de plata en Paraguay;Compará alianzas de plata para su boda en Paraguay: composición, ancho y talles. Confirmá si el precio corresponde a una pieza o al par de dos anillos.;AJ-19 / GYA-GA5025P / GYA-GA4345P;"Existing educational sections + two tailored comparisons; no confirmed commercial offer";"Base category canonical/indexable; filter pages noindex; ItemList only published products. Concept product routes noindex/excluded from sitemap/feed; drafts unpublished.";"GA5025P current URL; GA4345P material of band/applique; no inferred 925"
anillos de oro / alianzas de plata (mixed group);anillos de alianza de oro;50;"anillos de boda de oro 30; precio de alianzas de oro en Paraguay 40 is informational until a quotation exists";/categoria/alianzas-oro;Alianzas de oro en Paraguay;Alianzas de oro en Paraguay;Compará alianzas de oro en Paraguay por quilataje, peso, ancho y talle. Revisá qué incluye la propuesta y el precio final del par de dos anillos.;GYA-GA5989-GA5990 / GYA-GA5027-GA5028;"Existing educational sections + two tailored comparisons; no confirmed commercial offer";"Base category canonical/indexable; filter pages noindex; ItemList only published products. Concept product routes noindex/excluded from sitemap/feed; drafts unpublished.";Resolve 2/1.9 and 2/2.3 mm discrepancies, current URLs, weight/purity and pair terms
anillos de oro;anillos de oro;320;"anillos de oro Paraguay 40; anillos bañados en oro 30 is a separate construction explained in material guidance";/categoria/oro;Anillos de oro en Paraguay;Anillos de oro en Paraguay;Compará anillos de oro en Paraguay por quilataje, diseño y precio. Revisá composición, peso y características para elegir una pieza o un par.;GYA-GA5989-GA5990 / GYA-GA5027-GA5028 / GYA-GA6220;"Existing educational sections + two tailored comparisons; no confirmed commercial offer";"Base category canonical/indexable; filter pages noindex; ItemList only published products. Concept product routes noindex/excluded from sitemap/feed; drafts unpublished.";"Real verified gold composition; plated CR279/Hub are not assigned to solid gold"
anillas para hombre;anillas para hombre;260;"anillos para hombre (folded), Paraguay 70; single destination and no spelling page";/categoria/hombre;Anillos para hombre en Paraguay;Anillos para hombre en Paraguay;Compará anillos para hombre en Paraguay por material, ancho y diseño. Conocé cómo medir el talle y qué confirmar sobre cada pieza antes de elegir.;AJ-19 / AJ-20;"Existing educational sections + two tailored comparisons; no confirmed commercial offer";"Base category canonical/indexable; filter pages noindex; ItemList only published products. Concept product routes noindex/excluded from sitemap/feed; drafts unpublished.";AJ19 isolated complete reference, unit, width/section, purity, size scale and permission
anillos;anillos acero inox;20;"anillos acero inoxidable 20 and anillos acero 10 are separate main rows; exclude branded rows";/categoria/acero;Anillos de acero en Paraguay;Anillos de acero en Paraguay;Compará anillos de acero en Paraguay por composición, acabado, ancho y talle. Conocé qué preguntar sobre acero quirúrgico y recubrimientos.;;"Existing educational sections + two tailored comparisons; no confirmed commercial offer";"Base category canonical/indexable; filter pages noindex; ItemList only published products. Concept product routes noindex/excluded from sitemap/feed; drafts unpublished.";Research gap: no exact steel SKU, composition or authorised product input among the 12 references
anillos de plata;anillos de plata;260;"anillos de plata Paraguay 70; this is general silver demand, not a proven 925 offering or a 925-specific count";/categoria/plata-925;Anillos de plata 925 en Paraguay;Anillos de plata 925 en Paraguay;Conocé los anillos de plata 925 en Paraguay y compará diseños, talles y precios. Revisá composición, recubrimientos y cuidados antes de elegir.;;"Existing educational sections + two tailored comparisons; no confirmed commercial offer";"Base category canonical/indexable; filter pages noindex; ItemList only published products. Concept product routes noindex/excluded from sitemap/feed; drafts unpublished.";"Research gap: no exact confirmed 925 SKU among the 12; DS Pratas programme alone is insufficient"
